date,actual,predicted,digit_hits,position_hits,exact_match
2011-03-01,656037,116026,3,2,False
2011-03-16,593331,092282,1,1,False
2011-04-01,814931,988484,3,0,False
2011-04-16,825988,820923,3,3,False
2011-05-02,054136,219908,2,0,False
2011-05-16,406417,428822,1,1,False
2011-06-01,562370,845523,3,0,False
2011-06-16,351276,663933,2,0,False
2011-07-01,622953,835752,3,1,False
2011-07-16,116556,696737,2,1,False
2011-08-01,218756,960608,2,0,False
2011-08-16,536960,083701,2,0,False
2011-09-01,724533,276582,3,1,False
2011-09-16,731198,752779,2,1,False
2011-10-01,511052,629679,1,0,False
2011-10-16,955756,708411,1,0,False
2011-11-01,805540,164172,1,0,False
2011-11-16,997777,900530,1,1,False
2011-12-01,408147,352128,2,1,False
2011-12-16,884178,068941,3,0,False
2011-12-30,526402,784398,1,0,False
2012-01-16,451445,331147,2,2,False
2012-02-01,320605,052317,4,0,False
2012-02-16,648684,959236,1,0,False
2012-03-01,222518,308871,2,0,False
2012-03-16,607064,924530,2,0,False
2012-04-01,257562,154802,2,2,False
2012-04-16,583470,815531,3,0,False
2012-05-02,889501,567907,3,1,False
2012-05-16,814418,851159,3,1,False
2012-06-01,882727,000608,1,0,False
2012-06-16,159373,546597,3,0,False
2012-07-01,915900,460170,3,1,False
2012-07-16,904050,326933,1,0,False
2012-08-01,895590,654811,2,0,False
2012-08-16,683877,996879,3,2,False
2012-09-01,329997,835677,2,1,False
2012-09-16,540143,436227,2,0,False
2012-10-01,124025,378532,2,0,False
2012-10-16,281343,553302,3,1,False
2012-11-01,524694,809801,1,0,False
2012-11-16,639500,879888,1,1,False
2012-12-01,110443,033718,3,0,False
2012-12-16,529524,580766,1,1,False
2012-12-30,302358,569753,2,1,False
2013-01-16,820981,312634,2,0,False
2013-02-01,565566,478214,0,0,False
2013-02-16,368257,414456,2,1,False
2013-03-01,976241,385616,2,0,False
2013-03-16,968433,152990,1,0,False
2013-04-01,571688,063311,2,0,False
2013-04-16,843846,891757,1,1,False
2013-05-02,603458,297640,3,0,False
2013-05-16,687125,910767,3,0,False
2013-06-01,935489,935851,4,3,False
2013-06-16,289673,067567,2,0,False
2013-07-01,646905,371315,1,1,False
2013-07-16,566996,081893,1,1,False
2013-08-01,356435,951910,1,1,False
2013-08-16,321327,170778,2,0,False
2013-09-01,548123,383606,2,0,False
2013-09-16,562684,022292,1,1,False
2013-10-01,647882,577500,1,1,False
2013-10-16,963289,680969,4,1,False
2013-11-01,739804,004137,4,0,False
2013-11-16,806925,468208,4,0,False
2013-12-01,168795,313984,3,0,False
2013-12-16,341767,243480,2,1,False
2013-12-30,561072,994577,2,1,False
2014-01-16,306902,027310,4,0,False
2014-02-01,180149,788587,1,1,False
2014-02-16,384245,549605,2,1,False
2014-03-01,906318,107554,2,1,False
2014-03-16,531404,961499,2,2,False
2014-04-01,028866,413118,1,0,False
2014-04-16,153406,642830,4,0,False
2014-05-02,103297,710467,3,1,False
2014-05-16,087523,000289,3,1,False
2014-06-01,781198,909237,2,0,False
2014-06-16,673920,471217,2,1,False
2014-07-01,378477,490490,1,1,False
2014-07-16,468728,662153,2,1,False
2014-08-01,766391,408015,1,0,False
2014-08-16,662842,779361,1,0,False
2014-09-01,856763,291645,2,0,False
2014-09-16,772269,195224,3,1,False
2014-10-01,375615,484805,1,1,False
2014-10-16,656409,404135,3,0,False
2014-11-01,206608,283175,2,1,False
2014-11-16,479804,985036,3,0,False
2014-12-01,480449,880671,2,2,False
2014-12-16,948354,093527,3,0,False
2014-12-30,461704,844950,3,0,False
2015-01-16,244351,395765,2,0,False
2015-02-01,155537,526481,2,0,False
2015-02-16,001864,098444,3,2,False
2015-03-01,240237,262699,2,1,False
2015-03-16,048151,583677,2,0,False
2015-04-01,570444,940346,3,2,False
2015-04-16,506260,341535,1,0,False
2015-05-02,543466,483723,2,1,False
2015-05-16,011421,630939,1,0,False
2015-06-02,388811,278013,3,2,False
2015-06-16,644742,683005,1,1,False
2015-07-01,759049,260642,2,1,False
2015-07-16,121507,947911,3,0,False
2015-08-01,518677,541887,4,2,False
2015-08-16,033363,448093,2,1,False
2015-09-01,021094,361343,2,1,False
2015-09-16,743148,275233,2,0,False
2015-10-01,594825,085098,3,0,False
2015-10-16,968630,886760,4,1,False
2015-11-01,361211,054830,1,0,False
2015-11-16,795283,834564,3,0,False
2015-12-01,915350,131248,2,0,False
2015-12-17,930255,273269,3,1,False
2015-12-30,008217,492110,3,1,False
2016-01-17,304371,103772,4,2,False
2016-02-01,927800,177306,2,2,False
2016-02-16,356364,941088,1,0,False
2016-03-01,439686,469955,3,2,False
2016-03-16,134918,112950,3,2,False
2016-04-01,066720,584372,2,0,False
2016-04-16,221609,792831,3,0,False
2016-05-02,399459,695253,3,2,False
2016-05-16,141737,507031,3,1,False
2016-06-01,511825,509440,1,1,False
2016-06-16,073816,419279,2,0,False
2016-07-01,082460,200235,3,0,False
2016-07-16,449764,227364,3,2,False
2016-08-01,272932,060217,2,0,False
2016-08-16,254004,056725,3,1,False
2016-09-01,638684,678275,2,2,False
2016-09-16,240650,682656,3,2,False
2016-10-01,887102,687400,3,3,False
2016-10-16,571947,077874,3,1,False
2016-11-01,785438,923154,3,0,False
2016-11-16,858383,734921,1,0,False
2016-12-01,086069,188001,3,2,False
2016-12-16,435286,771863,3,0,False
2016-12-30,377712,307865,2,2,False
2017-01-17,145157,721879,2,0,False
2017-02-01,054672,838654,3,1,False
2017-02-16,229116,598382,2,0,False
2017-03-01,978453,859817,4,0,False
2017-03-16,273863,074488,2,1,False
2017-04-01,392785,537965,4,1,False
2017-04-16,816729,210097,4,1,False
2017-05-02,008656,290379,1,0,False
2017-05-16,454891,387724,2,0,False
2017-06-01,053630,916383,3,0,False
2017-06-16,943142,285953,3,0,False
2017-07-01,112360,968227,2,0,False
2017-07-16,820327,396299,2,0,False
2017-08-01,756519,472053,2,0,False
2017-08-16,715431,014680,2,1,False
2017-09-01,143224,043063,2,2,False
2017-09-16,170143,909880,1,0,False
2017-10-01,880714,784323,3,1,False
2017-10-16,413494,089271,2,0,False
2017-11-01,533726,992970,2,0,False
2017-11-16,292391,372089,3,1,False
2017-12-01,451005,537232,1,0,False
2017-12-16,955596,927952,3,1,False
2017-12-30,911234,327050,2,0,False
2018-01-17,203823,355134,2,0,False
2018-02-01,026853,853600,5,0,False
2018-02-16,309915,412297,2,0,False
2018-03-02,759415,956631,3,1,False
2018-03-16,218559,550858,3,1,False
2018-04-01,412073,302528,3,1,False
2018-04-16,739229,370071,2,0,False
2018-05-02,248038,799617,0,0,False
2018-05-16,075629,666388,1,0,False
2018-06-01,988117,356620,0,0,False
2018-06-16,223131,070799,0,0,False
2018-07-01,963623,421977,2,0,False
2018-07-16,596324,223247,3,0,False
2018-08-01,386602,072268,4,0,False
2018-08-16,586117,398283,1,0,False
2018-09-01,734510,204810,3,3,False
2018-09-16,149760,096352,3,0,False
2018-10-01,452643,722201,1,1,False
2018-10-16,200515,063833,1,0,False
2018-11-01,149840,344147,3,2,False
2018-11-16,989903,951652,1,1,False
2018-12-01,021840,601100,3,2,False
2018-12-16,356564,742906,2,0,False
2018-12-30,735867,390290,1,0,False
2019-01-17,197079,663330,1,0,False
2019-02-01,967134,266031,3,2,False
2019-02-16,074824,224810,4,2,False
2019-03-01,345650,945896,3,2,False
2019-03-16,724628,870504,3,0,False
2019-04-01,109767,187660,4,2,False
2019-04-16,570331,579811,3,3,False
2019-05-02,061324,293578,2,0,False
2019-05-16,962526,371151,1,0,False
2019-06-01,516461,058980,1,0,False
2019-06-16,174055,664227,2,1,False
2019-07-01,943647,170153,2,0,False
2019-07-15,369765,532005,2,1,False
2019-08-01,387006,924714,1,0,False
2019-08-16,775476,190482,1,1,False
2019-09-01,798787,701133,1,1,False
2019-09-16,340388,636148,3,1,False
2019-10-01,691197,836739,3,0,False
2019-10-16,812564,361280,4,0,False
2019-11-01,967375,997182,2,2,False
2019-11-16,017223,359648,1,0,False
2019-12-01,453522,689714,1,0,False
2019-12-16,529924,736779,1,0,False
2019-12-30,510541,362572,1,1,False
2020-01-17,491774,846459,3,0,False
2020-02-01,589227,262485,4,0,False
2020-02-16,781403,195651,1,0,False
2020-03-01,875938,581532,3,1,False
2020-03-16,503446,925181,1,0,False
2020-05-16,051095,549056,4,1,False
2020-06-01,831567,163594,4,1,False
2020-06-16,516967,426471,3,1,False
2020-07-01,347258,175148,4,1,False
2020-07-16,873286,864525,3,1,False
2020-08-01,569391,209132,3,1,False
2020-08-16,945811,158415,5,1,False
2020-09-01,999997,733798,2,1,False
2020-09-16,244083,374690,3,1,False
2020-10-01,837893,220566,0,0,False
2020-10-16,286051,398364,2,0,False
2020-11-01,506404,552053,2,1,False
2020-11-16,972661,600694,3,1,False
2020-12-01,100994,971605,3,0,False
2020-12-16,201303,616921,2,0,False
2020-12-30,803628,080571,2,0,False
2021-01-17,384395,505285,2,1,False
2021-02-01,912307,066021,3,0,False
2021-02-16,424603,725012,2,1,False
2021-03-01,835538,385009,3,1,False
2021-03-16,890422,756635,0,0,False
2021-04-01,472270,927332,3,0,False
2021-04-16,100787,365765,1,1,False
2021-05-02,501272,790877,2,1,False
2021-05-16,684579,543558,3,1,False
2021-06-01,292972,788086,1,0,False
2021-06-16,691861,742097,1,0,False
2021-07-01,713517,571646,3,0,False
2021-07-16,556725,325665,4,1,False
2021-08-01,910261,605809,3,0,False
2021-08-16,046750,014938,2,1,False
2021-09-01,114475,644179,4,2,False
2021-09-16,070935,850176,3,1,False
2021-10-01,578171,378530,3,2,False
2021-10-16,386372,068995,2,0,False
2021-11-01,045037,252664,2,0,False
2021-11-16,032761,622994,2,1,False
2021-12-01,077258,724054,4,1,False
2021-12-16,639235,912023,3,0,False
2021-12-30,819068,561937,3,0,False
2022-01-17,880159,885162,4,3,False
2022-02-01,944308,925123,2,1,False
2022-02-17,098597,205913,3,0,False
2022-03-01,061905,536210,4,0,False
2022-03-16,737867,468045,2,0,False
2022-04-01,970618,682105,4,0,False
2022-04-16,395919,881931,3,1,False
2022-05-02,658642,360614,3,1,False
2022-05-16,155012,090558,3,0,False
2022-06-01,319196,794814,2,0,False
2022-06-16,361807,921696,2,1,False
2022-07-01,981417,408271,4,0,False
2022-07-16,620405,580554,3,1,False
2022-08-01,436594,717160,1,0,False
2022-08-16,331583,356308,4,1,False
2022-09-01,929332,062619,2,0,False
2022-09-16,943703,704637,4,0,False
2022-10-01,484669,877272,1,0,False
2022-10-16,613106,927656,2,1,False
2022-11-01,913106,759493,2,0,False
2022-11-16,121789,391545,2,1,False
2022-12-01,375805,241742,1,0,False
2022-12-16,845093,486449,3,0,False
2022-12-30,157196,099992,1,1,False
2023-01-17,812519,306247,1,0,False
2023-02-01,297411,173958,3,0,False
2023-02-16,590417,239183,2,0,False
2023-03-01,417652,323822,1,1,False
2023-03-16,025873,163560,3,0,False
2023-04-01,087907,974968,3,1,False
2023-04-16,984906,653747,2,0,False
2023-05-02,843019,514825,3,0,False
2023-05-16,132903,647992,2,1,False
2023-06-01,125272,356608,1,0,False
2023-06-16,264872,034035,1,1,False
2023-07-01,922605,020231,3,1,False
2023-07-16,169530,523518,3,1,False
2023-07-31,260453,224411,2,2,False
2023-08-16,471782,468745,3,2,False
2023-09-01,915478,939647,3,1,False
2023-09-16,320812,655624,1,0,False
2023-10-01,727202,959142,1,1,False
2023-10-16,931446,574665,2,0,False
2023-11-01,743951,453666,3,1,False
2023-11-16,557990,042449,2,0,False
2023-12-01,251097,398899,1,1,False
2023-12-16,356757,272293,2,0,False
2023-12-30,625544,809196,1,0,False
2024-01-17,105979,954226,2,0,False
2024-02-01,607063,591453,1,1,False
2024-02-16,941395,762897,1,1,False
2024-03-01,253603,342670,4,1,False
2024-03-16,997626,542864,2,0,False
2024-04-01,803481,257418,3,1,False
2024-04-16,943598,920673,2,1,False
2024-05-02,980116,116872,4,0,False
2024-05-16,205690,351088,2,0,False
2024-06-01,530593,995566,3,1,False
2024-06-16,518504,081037,3,0,False
2024-07-01,434503,209561,2,1,False
2024-07-16,367336,519653,2,0,False
2024-08-01,407041,603998,1,1,False
2024-08-16,095867,457505,3,0,False
2024-09-01,199606,054321,2,0,False
2024-09-16,608662,122333,1,0,False
2024-10-01,718665,141565,3,2,False
2024-10-16,482962,621109,3,0,False
2024-11-01,536044,747693,3,0,False
2024-11-16,187221,616012,3,0,False
2024-12-01,669843,411640,2,1,False
2024-12-16,097863,102962,3,1,False
2025-01-02,730209,776937,3,1,False
2025-01-17,807779,436981,2,0,False
2025-02-01,558700,238483,1,1,False
2025-02-16,847377,464677,3,2,False
2025-03-01,818894,528075,1,1,False
2025-03-16,757563,035756,5,0,False
2025-04-01,669687,101463,1,0,False
2025-04-16,266227,104746,2,0,False
2025-05-02,213388,421345,3,1,False
2025-05-16,251309,936678,2,0,False
2025-06-01,559352,882112,1,1,False
2025-06-16,507392,017686,2,1,False
2025-07-01,949246,610220,2,1,False
2025-07-16,245324,085031,2,1,False
2025-08-01,811852,364828,3,1,False
2025-08-16,994865,608780,2,0,False
2025-09-01,506356,072727,1,0,False
2025-09-16,074646,889929,0,0,False
2025-10-01,876978,862906,3,2,False
2025-10-16,059696,463063,3,0,False
2025-11-01,345898,218587,3,0,False
2025-11-16,458145,605451,4,0,False
2025-12-01,461252,938211,2,1,False
2025-12-16,763895,753629,5,2,False
2026-01-02,837706,821234,2,1,False
2026-01-16,878972,126483,2,0,False
2026-01-17,878972,234953,2,1,False
2026-02-01,174629,544070,2,1,False
2026-02-16,340563,136550,4,1,False
2026-03-01,820866,047263,3,1,False
