draw_date,first_prize,front3_1,front3_2,back3_1,back3_2,last2,digit1,digit2,digit3,digit4,digit5,digit6
2026-07-01,751495,001,980,304,531,62,7,5,1,4,9,5
2026-06-16,287184,758,434,007,721,48,2,8,7,1,8,4
2026-06-01,173770,848,415,410,938,95,1,7,3,7,7,0
2026-05-16,107387,298,091,602,716,08,1,0,7,3,8,7
2026-05-02,536077,267,318,065,153,43,5,3,6,0,7,7
2026-04-16,309612,355,108,868,424,77,3,0,9,6,1,2
2026-04-01,292514,406,113,851,098,47,2,9,2,5,1,4
2026-03-16,833009,510,983,439,954,64,8,3,3,0,0,9
2026-03-01,820866,479,054,068,837,06,8,2,0,8,6,6
2026-02-16,340563,527,241,578,169,07,3,4,0,5,6,3
2026-02-01,174629,917,195,408,041,48,1,7,4,6,2,9
2026-01-17,878972,299,815,662,363,02,8,7,8,9,7,2
2026-01-16,878972,299,815,662,363,02,8,7,8,9,7,2
2026-01-02,837706,694,347,288,765,16,8,3,7,7,0,6
2025-12-16,763895,431,176,014,449,52,7,6,3,8,9,5
2025-12-01,461252,655,389,137,995,22,4,6,1,2,5,2
2025-11-16,458145,602,242,389,239,37,4,5,8,1,4,5
2025-11-01,345898,449,328,111,690,87,3,4,5,8,9,8
2025-10-16,059696,955,531,889,476,61,0,5,9,6,9,6
2025-10-01,876978,843,532,280,605,77,8,7,6,9,7,8
2025-09-16,074646,740,512,308,703,58,0,7,4,6,4,6
2025-09-01,506356,131,012,022,209,31,5,0,6,3,5,6
2025-08-16,994865,602,247,834,989,63,9,9,4,8,6,5
2025-08-01,811852,525,142,891,512,50,8,1,1,8,5,2
2025-07-16,245324,995,171,084,336,26,2,4,5,3,2,4
2025-07-01,949246,680,169,918,261,91,9,4,9,2,4,6
2025-06-16,507392,243,017,299,736,06,5,0,7,3,9,2
2025-06-01,559352,349,134,307,044,20,5,5,9,3,5,2
2025-05-16,251309,109,231,965,631,87,2,5,1,3,0,9
2025-05-02,213388,826,116,167,662,06,2,1,3,3,8,8
2025-04-16,266227,413,254,474,760,85,2,6,6,2,2,7
2025-04-01,669687,635,760,180,666,36,6,6,9,6,8,7
2025-03-16,757563,595,927,457,309,32,7,5,7,5,6,3
2025-03-01,818894,139,530,781,656,54,8,1,8,8,9,4
2025-02-16,847377,268,613,652,001,50,8,4,7,3,7,7
2025-02-01,558700,285,418,824,685,51,5,5,8,7,0,0
2025-01-17,807779,961,699,448,477,23,8,0,7,7,7,9
2025-01-02,730209,446,065,376,297,51,7,3,0,2,0,9
2024-12-16,097863,290,742,881,339,21,0,9,7,8,6,3
2024-12-01,669843,626,559,098,654,61,6,6,9,8,4,3
2024-11-16,187221,036,923,980,547,38,1,8,7,2,2,1
2024-11-01,536044,174,225,063,231,32,5,3,6,0,4,4
2024-10-16,482962,648,561,919,493,00,4,8,2,9,6,2
2024-10-01,718665,053,812,079,566,59,7,1,8,6,6,5
2024-09-16,608662,230,904,008,408,37,6,0,8,6,6,2
2024-09-01,199606,173,220,094,388,94,1,9,9,6,0,6
2024-08-16,095867,334,212,697,728,28,0,9,5,8,6,7
2024-08-01,407041,408,579,622,070,46,4,0,7,0,4,1
2024-07-16,367336,331,011,421,618,21,3,6,7,3,3,6
2024-07-01,434503,839,975,778,647,89,4,3,4,5,0,3
2024-06-16,518504,428,016,447,426,31,5,1,8,5,0,4
2024-06-01,530593,194,364,421,734,42,5,3,0,5,9,3
2024-05-16,205690,885,747,137,070,60,2,0,5,6,9,0
2024-05-02,980116,104,763,833,634,17,9,8,0,1,1,6
2024-04-16,943598,729,727,154,200,79,9,4,3,5,9,8
2024-04-01,803481,122,809,559,947,90,8,0,3,4,8,1
2024-03-16,997626,571,509,794,329,78,9,9,7,6,2,6
2024-03-01,253603,975,900,382,703,79,2,5,3,6,0,3
2024-02-16,941395,056,330,587,375,43,9,4,1,3,9,5
2024-02-01,607063,943,454,591,544,09,6,0,7,0,6,3
2024-01-17,105979,429,931,196,635,61,1,0,5,9,7,9
2023-12-30,625544,600,648,882,456,89,6,2,5,5,4,4
2023-12-16,356757,058,410,964,584,85,3,5,6,7,5,7
2023-12-01,251097,265,055,280,092,91,2,5,1,0,9,7
2023-11-16,557990,412,346,778,961,14,5,5,7,9,9,0
2023-11-01,743951,913,335,019,349,63,7,4,3,9,5,1
2023-10-16,931446,398,167,970,272,44,9,3,1,4,4,6
2023-10-01,727202,355,324,426,615,66,7,2,7,2,0,2
2023-09-16,320812,699,037,344,057,46,3,2,0,8,1,2
2023-09-01,915478,521,596,692,291,91,9,1,5,4,7,8
2023-08-16,471782,431,739,737,742,67,4,7,1,7,8,2
2023-07-31,260453,268,708,387,601,11,2,6,0,4,5,3
2023-07-16,169530,261,384,780,066,62,1,6,9,5,3,0
2023-07-01,922605,867,281,947,491,16,9,2,2,6,0,5
2023-06-16,264872,519,628,202,874,30,2,6,4,8,7,2
2023-06-01,125272,681,000,971,386,09,1,2,5,2,7,2
2023-05-16,132903,739,678,693,731,99,1,3,2,9,0,3
2023-05-02,843019,500,780,269,187,65,8,4,3,0,1,9
2023-04-16,984906,670,678,797,551,71,9,8,4,9,0,6
2023-04-01,087907,111,914,698,290,99,0,8,7,9,0,7
2023-03-16,025873,420,800,355,544,73,0,2,5,8,7,3
2023-03-01,417652,577,919,748,984,55,4,1,7,6,5,2
2023-02-16,590417,664,195,523,377,80,5,9,0,4,1,7
2023-02-01,297411,181,789,101,664,92,2,9,7,4,1,1
2023-01-17,812519,443,389,849,564,47,8,1,2,5,1,9
2022-12-30,157196,007,522,250,425,58,1,5,7,1,9,6
2022-12-16,845093,912,411,855,593,14,8,4,5,0,9,3
2022-12-01,375805,170,786,409,421,08,3,7,5,8,0,5
2022-11-16,121789,722,532,157,973,64,1,2,1,7,8,9
2022-11-01,913106,722,839,343,922,70,9,1,3,1,0,6
2022-10-16,613106,158,037,606,799,15,6,1,3,1,0,6
2022-10-01,484669,206,996,278,194,50,4,8,4,6,6,9
2022-09-16,943703,971,540,631,432,75,9,4,3,7,0,3
2022-09-01,929332,725,298,604,210,83,9,2,9,3,3,2
2022-08-16,331583,271,300,284,876,42,3,3,1,5,8,3
2022-08-01,436594,893,266,447,282,14,4,3,6,5,9,4
2022-07-16,620405,159,834,279,061,53,6,2,0,4,0,5
2022-07-01,981417,287,242,002,542,61,9,8,1,4,1,7
2022-06-16,361807,549,285,228,106,92,3,6,1,8,0,7
2022-06-01,319196,817,679,213,652,02,3,1,9,1,9,6
2022-05-16,155012,247,736,540,236,06,1,5,5,0,1,2
2022-05-02,658642,778,518,041,325,09,6,5,8,6,4,2
2022-04-16,395919,859,289,413,508,58,3,9,5,9,1,9
2022-04-01,970618,738,391,578,870,10,9,7,0,6,1,8
2022-03-16,737867,349,985,989,788,03,7,3,7,8,6,7
2022-03-01,061905,236,834,234,691,07,0,6,1,9,0,5
2022-02-17,098597,644,085,816,592,57,0,9,8,5,9,7
2022-02-01,944308,942,061,509,485,30,9,4,4,3,0,8
2022-01-17,880159,731,786,529,119,92,8,8,0,1,5,9
2021-12-30,819068,591,979,547,419,36,8,1,9,0,6,8
2021-12-16,639235,097,629,476,522,83,6,3,9,2,3,5
2021-12-01,077258,740,739,485,401,82,0,7,7,2,5,8
2021-11-16,032761,648,471,844,245,57,0,3,2,7,6,1
2021-11-01,045037,458,247,755,331,95,0,4,5,0,3,7
2021-10-16,386372,602,964,295,798,38,3,8,6,3,7,2
2021-10-01,578171,285,361,379,449,83,5,7,8,1,7,1
2021-09-16,070935,609,817,379,007,90,0,7,0,9,3,5
2021-09-01,114475,278,302,458,123,79,1,1,4,4,7,5
2021-08-16,046750,421,666,160,355,23,0,4,6,7,5,0
2021-08-01,910261,103,307,004,785,69,9,1,0,2,6,1
2021-07-16,556725,174,058,233,927,70,5,5,6,7,2,5
2021-07-01,713517,794,073,511,414,29,7,1,3,5,1,7
2021-06-16,691861,054,007,447,668,17,6,9,1,8,6,1
2021-06-01,292972,620,193,978,723,45,2,9,2,9,7,2
2021-05-16,684579,843,615,276,970,14,6,8,4,5,7,9
2021-05-02,501272,306,018,498,129,18,5,0,1,2,7,2
2021-04-16,100787,143,013,478,264,56,1,0,0,7,8,7
2021-04-01,472270,755,283,393,577,05,4,7,2,2,7,0
2021-03-16,890422,036,902,396,256,19,8,9,0,4,2,2
2021-03-01,835538,290,838,051,806,73,8,3,5,5,3,8
2021-02-16,424603,861,318,057,817,39,4,2,4,6,0,3
2021-02-01,912307,605,248,282,651,97,9,1,2,3,0,7
2021-01-17,384395,653,367,878,566,15,3,8,4,3,9,5
2020-12-30,803628,336,804,924,321,19,8,0,3,6,2,8
2020-12-16,201303,377,828,072,517,70,2,0,1,3,0,3
2020-12-01,100994,093,776,984,834,84,1,0,0,9,9,4
2020-11-16,972661,368,741,208,255,46,9,7,2,6,6,1
2020-11-01,506404,154,598,245,062,40,5,0,6,4,0,4
2020-10-16,286051,189,464,980,045,38,2,8,6,0,5,1
2020-10-01,837893,757,594,595,110,59,8,3,7,8,9,3
2020-09-16,244083,220,127,853,623,57,2,4,4,0,8,3
2020-09-01,999997,725,636,957,342,98,9,9,9,9,9,7
2020-08-16,945811,712,614,364,733,88,9,4,5,8,1,1
2020-08-01,569391,931,575,578,809,92,5,6,9,3,9,1
2020-07-16,873286,510,533,682,494,53,8,7,3,2,8,6
2020-07-01,347258,362,095,307,094,83,3,4,7,2,5,8
2020-06-16,516967,876,882,625,565,64,5,1,6,9,6,7
2020-06-01,831567,489,264,562,582,24,8,3,1,5,6,7
2020-05-16,051095,430,285,191,364,22,0,5,1,0,9,5
2020-03-16,503446,726,258,661,404,77,5,0,3,4,4,6
2020-03-01,875938,294,328,597,780,98,8,7,5,9,3,8
2020-02-16,781403,952,515,030,918,94,7,8,1,4,0,3
2020-02-01,589227,259,552,927,375,06,5,8,9,2,2,7
2020-01-17,491774,132,004,595,379,68,4,9,1,7,7,4
2019-12-30,510541,116,382,250,140,81,5,1,0,5,4,1
2019-12-16,529924,138,043,555,665,97,5,2,9,9,2,4
2019-12-01,453522,617,261,457,013,81,4,5,3,5,2,2
2019-11-16,017223,164,640,085,194,32,0,1,7,2,2,3
2019-11-01,967375,323,806,021,206,79,9,6,7,3,7,5
2019-10-16,812564,255,625,598,132,15,8,1,2,5,6,4
2019-10-01,691197,920,392,606,797,59,6,9,1,1,9,7
2019-09-16,340388,947,733,925,939,85,3,4,0,3,8,8
2019-09-01,798787,210,847,439,274,20,7,9,8,7,8,7
2019-08-16,775476,149,912,563,580,89,7,7,5,4,7,6
2019-08-01,387006,983,135,795,562,58,3,8,7,0,0,6
2019-07-15,369765,901,355,556,113,88,3,6,9,7,6,5
2019-07-01,943647,864,239,375,006,86,9,4,3,6,4,7
2019-06-16,174055,884,625,800,127,29,1,7,4,0,5,5
2019-06-01,516461,589,713,560,215,46,5,1,6,4,6,1
2019-05-16,962526,949,669,828,018,71,9,6,2,5,2,6
2019-05-02,061324,043,476,699,374,25,0,6,1,3,2,4
2019-04-16,570331,930,512,966,968,23,5,7,0,3,3,1
2019-04-01,109767,888,959,403,975,52,1,0,9,7,6,7
2019-03-16,724628,883,148,877,154,64,7,2,4,6,2,8
2019-03-01,345650,999,137,830,837,65,3,4,5,6,5,0
2019-02-16,074824,881,910,879,612,56,0,7,4,8,2,4
2019-02-01,967134,643,779,948,197,04,9,6,7,1,3,4
2019-01-17,197079,206,412,660,127,65,1,9,7,0,7,9
2018-12-30,735867,913,031,701,884,02,7,3,5,8,6,7
2018-12-16,356564,480,948,369,297,62,3,5,6,5,6,4
2018-12-01,021840,045,307,988,561,67,0,2,1,8,4,0
2018-11-16,989903,930,471,140,876,16,9,8,9,9,0,3
2018-11-01,149840,384,576,509,046,58,1,4,9,8,4,0
2018-10-16,200515,392,186,212,192,93,2,0,0,5,1,5
2018-10-01,452643,726,594,810,561,99,4,5,2,6,4,3
2018-09-16,149760,539,323,297,155,79,1,4,9,7,6,0
2018-09-01,734510,512,464,202,097,26,7,3,4,5,1,0
2018-08-16,586117,670,340,815,591,10,5,8,6,1,1,7
2018-08-01,386602,903,832,549,726,78,3,8,6,6,0,2
2018-07-16,596324,530,403,362,138,27,5,9,6,3,2,4
2018-07-01,963623,901,429,210,217,83,9,6,3,6,2,3
2018-06-16,223131,432,507,132,868,46,2,2,3,1,3,1
2018-06-01,988117,553,310,248,650,95,9,8,8,1,1,7
2018-05-16,075629,357,130,506,047,20,0,7,5,6,2,9
2018-05-02,248038,980,527,225,602,85,2,4,8,0,3,8
2018-04-16,739229,273,654,076,526,60,7,3,9,2,2,9
2018-04-01,412073,787,131,924,638,85,4,1,2,0,7,3
2018-03-16,218559,720,064,205,489,82,2,1,8,5,5,9
2018-03-02,759415,318,870,723,589,29,7,5,9,4,1,5
2018-02-16,309915,007,388,230,748,39,3,0,9,9,1,5
2018-02-01,026853,106,947,181,519,31,0,2,6,8,5,3
2018-01-17,203823,624,799,236,397,50,2,0,3,8,2,3
2017-12-30,911234,495,373,953,504,98,9,1,1,2,3,4
2017-12-16,955596,616,836,290,938,89,9,5,5,5,9,6
2017-12-01,451005,626,303,601,257,33,4,5,1,0,0,5
2017-11-16,292391,961,831,477,628,98,2,9,2,3,9,1
2017-11-01,533726,165,425,485,036,85,5,3,3,7,2,6
2017-10-16,413494,180,971,287,128,86,4,1,3,4,9,4
2017-10-01,880714,611,726,462,952,52,8,8,0,7,1,4
2017-09-16,170143,172,647,340,388,71,1,7,0,1,4,3
2017-09-01,143224,345,679,278,195,65,1,4,3,2,2,4
2017-08-16,715431,115,302,253,945,37,7,1,5,4,3,1
2017-08-01,756519,061,386,787,989,36,7,5,6,5,1,9
2017-07-16,820327,835,584,390,823,87,8,2,0,3,2,7
2017-07-01,112360,226,489,688,005,26,1,1,2,3,6,0
2017-06-16,943142,626,878,740,373,47,9,4,3,1,4,2
2017-06-01,053630,121,218,581,881,61,0,5,3,6,3,0
2017-05-16,454891,396,008,603,490,53,4,5,4,8,9,1
2017-05-02,008656,949,573,773,923,35,0,0,8,6,5,6
2017-04-16,816729,766,973,241,807,40,8,1,6,7,2,9
2017-04-01,392785,057,020,500,709,80,3,9,2,7,8,5
2017-03-16,273863,918,324,941,694,92,2,7,3,8,6,3
2017-03-01,978453,560,450,577,052,78,9,7,8,4,5,3
2017-02-16,229116,464,128,953,375,14,2,2,9,1,1,6
2017-02-01,054672,066,807,426,628,42,0,5,4,6,7,2
2017-01-17,145157,511,663,516,836,25,1,4,5,1,5,7
2016-12-30,377712,890,304,477,769,46,3,7,7,7,1,2
2016-12-16,435286,596,366,716,199,35,4,3,5,2,8,6
2016-12-01,086069,513,873,148,450,77,0,8,6,0,6,9
2016-11-16,858383,682,040,570,558,44,8,5,8,3,8,3
2016-11-01,785438,976,824,752,038,86,7,8,5,4,3,8
2016-10-16,571947,692,885,032,587,98,5,7,1,9,4,7
2016-10-01,887102,280,194,458,017,33,8,8,7,1,0,2
2016-09-16,240650,583,493,160,043,42,2,4,0,6,5,0
2016-09-01,638684,335,334,669,630,62,6,3,8,6,8,4
2016-08-16,254004,966,366,596,631,33,2,5,4,0,0,4
2016-08-01,272932,538,983,871,472,57,2,7,2,9,3,2
2016-07-16,449764,734,552,925,158,55,4,4,9,7,6,4
2016-07-01,082460,169,609,302,173,53,0,8,2,4,6,0
2016-06-16,073816,804,251,749,321,79,0,7,3,8,1,6
2016-06-01,511825,775,111,937,880,14,5,1,1,8,2,5
2016-05-16,141737,975,382,268,087,98,1,4,1,7,3,7
2016-05-02,399459,238,403,671,046,02,3,9,9,4,5,9
2016-04-16,221609,228,008,507,523,87,2,2,1,6,0,9
2016-04-01,066720,546,390,285,852,92,0,6,6,7,2,0
2016-03-16,134918,877,855,973,004,32,1,3,4,9,1,8
2016-03-01,439686,530,426,155,743,06,4,3,9,6,8,6
2016-02-16,356364,699,312,309,535,98,3,5,6,3,6,4
2016-02-01,927800,625,999,054,076,09,9,2,7,8,0,0
2016-01-17,304371,031,532,786,743,50,3,0,4,3,7,1
2015-12-30,008217,246,264,895,596,02,0,0,8,2,1,7
2015-12-17,930255,140,250,094,638,08,9,3,0,2,5,5
2015-12-01,915350,238,181,714,175,78,9,1,5,3,5,0
2015-11-16,795283,241,028,643,802,03,7,9,5,2,8,3
2015-11-01,361211,106,757,166,473,45,3,6,1,2,1,1
2015-10-16,968630,457,134,412,054,62,9,6,8,6,3,0
2015-10-01,594825,175,918,440,799,07,5,9,4,8,2,5
2015-09-16,743148,435,209,375,084,06,7,4,3,1,4,8
2015-09-01,021094,260,403,819,068,89,0,2,1,0,9,4
2015-08-16,033363,781,227,648,624,40,0,3,3,3,6,3
2015-08-01,518677,333,598,889,648,53,5,1,8,6,7,7
2015-07-16,121507,761,461,294,830,49,1,2,1,5,0,7
2015-07-01,759049,565,814,567,081,26,7,5,9,0,4,9
2015-06-16,644742,429,253,532,386,52,6,4,4,7,4,2
2015-06-02,388881,314,700,969,876,65,3,8,8,8,1,1
2015-05-16,011421,799,484,928,851,38,0,1,1,4,2,1
2015-05-02,543466,818,163,195,366,30,5,4,3,4,6,6
2015-04-16,506260,101,164,970,495,38,5,0,6,2,6,0
2015-04-01,605704,558,962,861,557,70,5,7,0,4,4,4
2015-03-16,048151,339,622,575,623,92,0,4,8,1,5,1
2015-03-01,240237,498,031,008,857,34,2,4,0,2,3,7
2015-02-16,001864,843,103,392,825,90,0,0,1,8,6,4
2015-02-01,155537,083,286,008,813,79,1,5,5,5,3,7
2015-01-16,244351,068,398,877,595,74,2,4,4,3,5,1
2014-12-30,461704,535,853,950,982,57,4,6,1,7,0,4
2014-12-16,948354,080,763,775,901,90,9,4,8,3,5,4
2014-12-01,480449,161,380,580,820,11,4,8,0,4,4,9
2014-11-16,479804,179,422,480,709,25,4,7,9,8,0,4
2014-11-01,206608,203,607,855,979,44,2,0,6,6,0,8
2014-10-16,656409,647,784,848,910,94,6,5,6,4,0,9
2014-10-01,375615,086,159,251,520,44,3,7,5,6,1,5
2014-09-16,772269,112,257,342,790,35,7,7,2,2,6,9
2014-09-01,856763,308,477,490,912,22,8,5,6,7,6,3
2014-08-16,662842,187,633,639,912,91,6,6,2,8,4,2
2014-08-01,766391,349,576,623,637,82,7,6,6,3,9,1
2014-07-16,468728,104,944,117,205,45,4,6,8,7,2,8
2014-07-01,378477,123,271,441,864,39,3,7,8,4,7,7
2014-06-16,673920,158,140,639,576,95,6,7,3,9,2,0
2014-06-01,781198,160,324,409,636,18,7,8,1,1,9,8
2014-05-16,087523,112,150,246,505,20,0,8,7,5,2,3
2014-05-02,103297,143,158,673,797,52,1,0,3,2,9,7
2014-04-16,153406,013,344,355,634,26,1,5,3,4,0,6
2014-04-01,028866,186,499,835,938,95,0,2,8,8,6,6
2014-03-16,531404,250,305,400,904,79,5,3,1,4,0,4
2014-03-01,906318,116,537,753,798,35,9,0,6,3,1,8
2014-02-16,384245,074,397,521,530,01,3,8,4,2,4,5
2014-02-01,180149,406,492,888,976,95,1,8,0,1,4,9
2014-01-16,306902,077,149,242,510,52,3,0,6,9,0,2
2013-12-30,561072,275,503,513,750,48,5,6,1,0,7,2
2013-12-16,341767,111,228,742,826,79,3,4,1,7,6,7
2013-12-01,168795,074,734,766,980,27,1,6,8,7,9,5
2013-11-16,806925,069,304,672,753,28,8,0,6,9,2,5
2013-11-01,739804,020,173,256,502,47,7,3,9,8,0,4
2013-10-16,963289,402,529,876,952,60,9,6,3,2,8,9
2013-10-01,647882,028,324,576,650,14,6,4,7,8,8,2
2013-09-16,562684,056,235,574,754,63,5,6,2,6,8,4
2013-09-01,548123,045,281,570,800,05,5,4,8,1,2,3
2013-08-16,321327,201,417,448,945,20,3,2,1,3,2,7
2013-08-01,356435,329,451,718,880,82,3,5,6,4,3,5
2013-07-16,566996,352,210,584,526,86,5,6,6,9,9,6
2013-07-01,646905,075,284,903,904,51,6,4,6,9,0,5
2013-06-16,289673,098,114,390,502,69,2,8,9,6,7,3
2013-06-01,935489,480,713,716,768,90,9,3,5,4,8,9
2013-05-16,687125,034,261,390,945,56,6,8,7,1,2,5
2013-05-02,603458,272,359,516,830,07,6,0,3,4,5,8
2013-04-16,843846,828,834,862,906,86,8,4,3,8,4,6
2013-04-01,571688,170,430,670,725,53,5,7,1,6,8,8
2013-03-16,968433,175,529,860,959,52,9,6,8,4,3,3
2013-03-01,976241,133,721,775,972,37,9,7,6,2,4,1
2013-02-16,368257,657,708,109,386,09,3,6,8,2,5,7
2013-02-01,565566,452,641,695,782,66,5,6,5,5,6,6
2013-01-16,820981,196,334,374,555,08,8,2,0,9,8,1
2012-12-30,302358,126,589,832,864,00,3,0,2,3,5,8
2012-12-16,529524,008,734,745,778,72,5,2,9,5,2,4
2012-12-01,110443,303,434,489,553,43,1,1,0,4,4,3
2012-11-16,639500,560,576,627,804,15,6,3,9,5,0,0
2012-11-01,524694,188,217,285,338,63,5,2,4,6,9,4
2012-10-16,281343,089,152,396,868,28,2,8,1,3,4,3
2012-10-01,124025,291,554,873,940,58,1,2,4,0,2,5
2012-09-16,540143,123,242,752,770,79,5,4,0,1,4,3
2012-09-01,329997,148,598,639,736,07,3,2,9,9,9,7
2012-08-16,683877,032,612,730,775,28,6,8,3,8,7,7
2012-08-01,895590,599,745,796,820,50,8,9,5,5,9,0
2012-07-16,904050,042,159,224,897,11,9,0,4,0,5,0
2012-07-01,915900,530,611,656,715,60,9,1,5,9,0,0
2012-06-16,159373,238,479,547,790,51,1,5,9,3,7,3
2012-06-01,882727,399,576,606,895,38,8,8,2,7,2,7
2012-05-16,814418,101,309,504,902,31,8,1,4,4,1,8
2012-05-02,889501,426,468,589,597,29,8,8,9,5,0,1
2012-04-16,583470,088,216,722,754,62,5,8,3,4,7,0
2012-04-01,257562,581,074,616,332,69,2,5,7,5,6,2
2012-03-16,607064,606,333,573,350,08,6,0,7,0,6,4
2012-03-01,222518,295,135,711,199,79,2,2,2,5,1,8
2012-02-16,648684,906,214,111,420,18,6,4,8,6,8,4
2012-02-01,320605,749,426,498,598,32,3,2,0,6,0,5
2012-01-16,451445,328,150,941,639,81,4,5,1,4,4,5
2011-12-30,526402,168,026,541,597,65,5,2,6,4,0,2
2011-12-16,884178,784,235,295,651,21,8,8,4,1,7,8
2011-12-01,408147,922,253,857,739,02,4,0,8,1,4,7
2011-11-16,997777,425,551,406,993,57,9,9,7,7,7,7
2011-11-01,805540,065,221,380,771,54,8,0,5,5,4,0
2011-10-16,955756,057,329,507,991,83,9,5,5,7,5,6
2011-10-01,511052,104,189,499,957,15,5,1,1,0,5,2
2011-09-16,731198,384,645,812,589,28,7,3,1,1,9,8
2011-09-01,724533,847,021,533,821,85,7,2,4,5,3,3
2011-08-16,536960,814,345,074,005,62,5,3,6,9,6,0
2011-08-01,218756,221,583,660,703,12,2,1,8,7,5,6
2011-07-16,116556,052,227,534,609,12,1,1,6,5,5,6
2011-07-01,622953,390,160,780,463,51,6,2,2,9,5,3
2011-06-16,351276,486,167,162,582,88,3,5,1,2,7,6
2011-06-01,562370,346,556,656,801,46,5,6,2,3,7,0
2011-05-16,406417,044,071,700,889,05,4,0,6,4,1,7
2011-05-02,054136,133,421,524,945,85,0,5,4,1,3,6
2011-04-16,825988,263,213,397,593,44,8,2,5,9,8,8
2011-04-01,814931,723,584,040,036,01,8,1,4,9,3,1
2011-03-16,593331,209,463,737,945,96,5,9,3,3,3,1
2011-03-01,656037,544,357,926,396,97,6,5,6,0,3,7
2011-02-16,481746,384,388,510,535,27,4,8,1,7,4,6
2011-02-01,610089,121,361,432,596,55,6,1,0,0,8,9
2011-01-16,281062,185,227,546,758,23,2,8,1,0,6,2
2010-12-30,884112,153,186,933,936,49,8,8,4,1,1,2
2010-12-16,334380,306,315,529,533,24,3,3,4,3,8,0
2010-12-01,181752,086,470,474,664,09,1,8,1,7,5,2
2010-11-16,813993,129,763,907,979,43,8,1,3,9,9,3
2010-11-01,191100,653,739,801,968,59,1,9,1,1,0,0
2010-10-16,621377,310,385,518,872,42,6,2,1,3,7,7
2010-10-01,488372,003,091,246,996,02,4,8,8,3,7,2
2010-09-16,017422,103,316,431,075,66,0,1,7,4,2,2
2010-09-01,354656,096,570,656,784,11,3,5,4,6,5,6
2010-08-16,911097,448,578,689,986,64,9,1,1,0,9,7
2010-08-01,210008,182,191,727,769,10,2,1,0,0,0,8
2010-07-16,180387,024,219,309,572,34,1,8,0,3,8,7
2010-07-01,480239,450,893,918,961,68,4,8,0,2,3,9
2010-06-16,500104,200,628,681,816,73,5,0,0,1,0,4
2010-06-01,444874,298,374,673,996,81,4,4,4,8,7,4
2010-05-16,480012,008,151,293,770,12,4,8,0,0,1,2
2010-05-02,360371,040,382,517,618,06,3,6,0,3,7,1
2010-04-16,211743,154,285,744,811,96,2,1,1,7,4,3
2010-04-01,959517,040,174,447,663,22,9,5,9,5,1,7
2010-03-16,364222,229,619,756,996,97,3,6,4,2,2,2
2010-03-01,215227,457,627,374,470,97,2,1,5,2,2,7
2010-02-16,133707,026,137,362,985,03,1,3,3,7,0,7
2010-02-01,186312,403,577,694,936,14,1,8,6,3,1,2
2010-01-16,073577,413,459,646,781,67,0,7,3,5,7,7
2009-12-30,994304,337,419,598,993,87,9,9,4,3,0,4
2009-12-16,685141,142,524,694,775,05,6,8,5,1,4,1
2009-12-01,776980,188,252,412,937,59,7,7,6,9,8,0
2009-11-16,055986,072,299,536,952,58,0,5,5,9,8,6
2009-11-01,689140,366,465,642,923,85,6,8,9,1,4,0
2009-10-16,258487,122,135,174,226,00,2,5,8,4,8,7
2009-10-01,169387,255,714,435,249,06,1,6,9,3,8,7
2009-09-16,202912,166,200,353,539,48,2,0,2,9,1,2
2009-09-01,015865,435,446,447,924,32,0,1,5,8,6,5
2009-08-16,462933,292,577,658,843,96,4,6,2,9,3,3
2009-08-01,154986,239,374,421,688,92,1,5,4,9,8,6
2009-07-16,000816,005,177,356,836,94,0,0,0,8,1,6
2009-07-01,207542,107,233,385,799,66,2,0,7,5,4,2
2009-06-16,930456,044,125,179,954,15,9,3,0,4,5,6
2009-06-01,777661,097,240,242,642,26,7,7,7,6,6,1
2009-05-16,111411,362,368,838,892,54,1,1,1,4,1,1
2009-05-02,294452,222,301,549,947,11,2,9,4,4,5,2
2009-04-16,368415,007,179,570,954,33,3,6,8,4,1,5
2009-04-01,816578,044,113,363,572,50,8,1,6,5,7,8
2009-03-16,268812,063,228,424,929,36,2,6,8,8,1,2
2009-03-01,553091,224,238,295,665,67,5,5,3,0,9,1
2009-02-16,038730,115,434,939,961,93,0,3,8,7,3,0
2009-02-01,534533,015,427,660,777,69,5,3,4,5,3,3
2009-01-16,743212,266,800,842,885,25,7,4,3,2,1,2
2008-12-30,218596,094,197,831,984,22,2,1,8,5,9,6
2008-12-16,074114,305,715,803,959,25,0,7,4,1,1,4
2008-12-01,205434,013,260,617,957,05,2,0,5,4,3,4
2008-11-16,002612,068,589,824,877,20,0,0,2,6,1,2
2008-11-01,272028,285,333,421,929,76,2,7,2,0,2,8
2008-10-16,431277,324,526,644,648,98,4,3,1,2,7,7
2008-10-01,882911,204,302,311,395,67,8,8,2,9,1,1
2008-09-16,012377,378,534,557,691,56,0,1,2,3,7,7
2008-09-01,695993,027,206,413,904,09,6,9,5,9,9,3
2008-08-16,380377,161,445,457,744,36,3,8,0,3,7,7
2008-08-01,850348,236,386,408,913,11,8,5,0,3,4,8
2008-07-16,257374,344,401,486,576,41,2,5,7,3,7,4
2008-07-01,943671,096,287,490,523,50,9,4,3,6,7,1
2008-06-16,729111,339,345,639,870,75,7,2,9,1,1,1
2008-06-01,414875,370,666,747,916,35,4,1,4,8,7,5
2008-05-16,329231,193,120,355,214,69,3,2,9,2,3,1
2008-05-02,453011,001,133,001,792,62,4,5,3,0,1,1
2008-04-16,982800,008,043,584,802,64,9,8,2,8,0,0
2008-04-01,012653,124,195,200,586,71,0,1,2,6,5,3
2008-03-16,074946,077,974,085,158,33,0,7,4,9,4,6
2008-03-01,936685,056,085,371,691,05,9,3,6,6,8,5
2008-02-16,137054,344,512,630,892,80,1,3,7,0,5,4
2008-02-01,212684,311,472,732,796,26,2,1,2,6,8,4
2008-01-16,556010,413,548,942,965,81,5,5,6,0,1,0
2007-12-30,595411,267,490,741,787,81,5,9,5,4,1,1
2007-12-16,513501,425,432,460,702,96,5,1,3,5,0,1
2007-12-01,113410,418,485,627,659,18,1,1,3,4,1,0
2007-11-16,562481,130,198,752,844,73,5,6,2,4,8,1
2007-11-01,927907,213,277,524,648,88,9,2,7,9,0,7
2007-10-16,032988,158,663,685,846,48,0,3,2,9,8,8
2007-10-01,430667,090,104,126,667,76,4,3,0,6,6,7
2007-09-16,499336,247,273,604,608,45,4,9,9,3,3,6
2007-09-01,331810,293,505,518,520,69,3,3,1,8,1,0
2007-08-16,476207,234,236,312,424,93,4,7,6,2,0,7
2007-08-01,429924,006,048,885,962,29,4,2,9,9,2,4
2007-07-16,527384,105,183,334,947,77,5,2,7,3,8,4
2007-07-01,565151,146,287,638,949,76,5,6,5,1,5,1
2007-06-16,393194,424,589,907,989,41,3,9,3,1,9,4
2007-06-01,836393,242,433,523,739,05,8,3,6,3,9,3
2007-05-16,232897,585,751,858,924,25,2,3,2,8,9,7
2007-05-02,430374,442,553,729,881,81,4,3,0,3,7,4
2007-04-16,405105,013,522,866,987,63,4,0,5,1,0,5
2007-04-01,622780,022,677,794,814,93,6,2,2,7,8,0
2007-03-16,876763,001,191,350,906,85,8,7,6,7,6,3
2007-03-01,742425,294,801,942,949,61,7,4,2,4,2,5
2007-02-16,277859,384,607,625,979,95,2,7,7,8,5,9
2007-02-01,769925,239,287,865,893,56,7,6,9,9,2,5
2007-01-16,838739,263,293,803,845,54,8,3,8,7,3,9
2006-12-30,778584,164,403,811,971,07,7,7,8,5,8,4
