draw_date,digit1,digit2,digit3,digit4,digit5,digit6,digit_sum,odd_count,even_count,repeat_count,entropy,mirror_score,transition_score,temporal_weight
2026-03-01,8,2,0,8,6,6,30,0,6,2,1.9183,0,3,1.0
2026-02-16,3,4,0,5,6,3,21,3,3,1,2.2516,1,3,0.97434
2026-02-01,1,7,4,6,2,9,29,3,3,0,2.585,0,2,0.94554
2026-01-17,8,7,8,9,7,2,41,3,3,2,1.9183,1,4,0.91759
2026-01-16,8,7,8,9,7,2,41,3,3,2,1.9183,1,4,0.91576
2026-01-02,8,3,7,7,0,6,31,3,3,1,2.2516,1,1,0.89048
2025-12-16,7,6,3,8,9,5,38,4,2,0,2.585,0,3,0.86071
2025-12-01,4,6,1,2,5,2,20,2,4,1,2.2516,0,4,0.83527
2025-11-16,4,5,8,1,4,5,27,3,3,2,1.9183,0,4,0.81058
2025-11-01,3,4,5,8,9,8,37,3,3,1,2.2516,0,5,0.78663
2025-10-16,0,5,9,6,9,6,35,3,3,2,1.9183,0,3,0.76185
2025-10-01,8,7,6,9,7,8,45,3,3,2,1.9183,2,5,0.73934
2025-09-16,0,7,4,6,4,6,27,1,5,2,1.9183,0,4,0.71749
2025-09-01,5,0,6,3,5,6,25,3,3,2,1.9183,0,3,0.69628
2025-08-16,9,9,4,8,6,5,41,3,3,1,2.2516,0,3,0.67435
2025-08-01,8,1,1,8,5,2,25,3,3,2,1.9183,0,3,0.65442
2025-07-16,2,4,5,3,2,4,20,2,4,2,1.9183,0,5,0.63381
2025-07-01,9,4,9,2,4,6,34,2,4,2,1.9183,1,2,0.61508
2025-06-16,5,0,7,3,9,2,26,4,2,0,2.585,0,0,0.5969
2025-06-01,5,5,9,3,5,2,29,5,1,1,1.7925,1,3,0.57926
2025-05-16,2,5,1,3,0,9,20,4,2,0,2.585,0,3,0.56102
2025-05-02,2,1,3,3,8,8,25,3,3,2,1.9183,1,4,0.54553
2025-04-16,2,6,6,2,2,7,25,1,5,2,1.4591,0,2,0.52835
2025-04-01,6,6,9,6,8,7,42,2,4,1,1.7925,0,5,0.51273
2025-03-16,7,5,7,5,6,3,33,5,1,2,1.9183,0,5,0.49659
2025-03-01,8,1,8,8,9,4,38,2,4,1,1.7925,1,2,0.48191
2025-02-16,8,4,7,3,7,7,36,4,2,1,1.7925,0,2,0.46954
2025-02-01,5,5,8,7,0,0,25,3,3,2,1.9183,0,4,0.45566
2025-01-17,8,0,7,7,7,9,38,4,2,1,1.7925,1,3,0.4422
2025-01-02,7,3,0,2,0,9,21,3,3,1,2.2516,0,3,0.42913
2024-12-16,0,9,7,8,6,3,33,3,3,0,2.585,0,4,0.41478
2024-12-01,6,6,9,8,4,3,36,2,4,1,2.2516,0,4,0.40252
2024-11-16,1,8,7,2,2,1,21,3,3,2,1.9183,1,3,0.39063
2024-11-01,5,3,6,0,4,4,22,2,4,1,2.2516,0,3,0.37908
2024-10-16,4,8,2,9,6,2,31,1,5,1,2.2516,0,1,0.36714
2024-10-01,7,1,8,6,6,5,33,3,3,1,2.2516,0,3,0.35629
2024-09-16,6,0,8,6,6,2,28,0,6,1,1.7925,0,2,0.34576
2024-09-01,1,9,9,6,0,6,31,3,3,2,1.9183,0,2,0.33554
2024-08-16,0,9,5,8,6,7,35,3,3,0,2.585,0,3,0.32498
2024-08-01,4,0,7,0,4,1,16,2,4,2,1.9183,0,1,0.31537
2024-07-16,3,6,7,3,3,6,28,4,2,2,1.4591,0,4,0.30544
2024-07-01,4,3,4,5,0,3,19,3,3,2,1.9183,0,4,0.29641
2024-06-16,5,1,8,5,0,4,23,3,3,1,2.2516,0,1,0.28765
2024-06-01,5,3,0,5,9,3,25,5,1,2,1.9183,0,2,0.27915
2024-05-16,2,0,5,6,9,0,22,2,4,1,2.2516,0,3,0.27036
2024-05-02,9,8,0,1,1,6,25,3,3,1,2.2516,0,3,0.2629
2024-04-16,9,4,3,5,9,8,38,4,2,1,2.2516,0,3,0.25462
2024-04-01,8,0,3,4,8,1,24,2,4,1,2.2516,0,2,0.24709
2024-03-16,9,9,7,6,2,6,39,3,3,2,1.9183,0,3,0.23931
2024-03-01,2,5,3,6,0,3,19,3,3,1,2.2516,0,4,0.23224
2024-02-16,9,4,1,3,9,5,31,5,1,1,2.2516,0,2,0.22582
2024-02-01,6,0,7,0,6,3,22,2,4,2,1.9183,0,1,0.21915
2024-01-17,1,0,5,9,7,9,31,5,1,1,2.2516,0,3,0.21267
2023-12-30,6,2,5,5,4,4,26,2,4,2,1.9183,1,4,0.20515
2023-12-16,3,5,6,7,5,7,33,5,1,2,1.9183,1,5,0.19949
2023-12-01,2,5,1,0,9,7,24,4,2,0,2.585,0,3,0.19359
2023-11-16,5,5,7,9,9,0,35,5,1,2,1.9183,0,4,0.18787
2023-11-01,7,4,3,9,5,1,29,5,1,0,2.585,0,2,0.18232
2023-10-16,9,3,1,4,4,6,27,3,3,1,2.2516,0,4,0.17658
2023-10-01,7,2,7,2,0,2,20,2,4,2,1.4591,0,2,0.17136
2023-09-16,3,2,0,8,1,2,16,2,4,1,2.2516,0,3,0.16629
2023-09-01,9,1,5,4,7,8,34,4,2,0,2.585,0,3,0.16138
2023-08-16,4,7,1,7,8,2,29,3,3,1,2.2516,0,2,0.1563
2023-07-31,2,6,0,4,5,3,20,2,4,0,2.585,0,2,0.15137
2023-07-16,1,6,9,5,3,0,24,4,2,0,2.585,0,3,0.1469
2023-07-01,9,2,2,6,0,5,24,2,4,1,2.2516,0,1,0.14256
2023-06-16,2,6,4,8,7,2,29,1,5,1,2.2516,1,2,0.13835
2023-06-01,1,2,5,2,7,2,19,3,3,1,1.7925,0,3,0.13426
2023-05-16,1,3,2,9,0,3,18,4,2,1,2.2516,0,3,0.13003
2023-05-02,8,4,3,0,1,9,25,3,3,0,2.585,0,3,0.12644
2023-04-16,9,8,4,9,0,6,36,2,4,1,2.2516,0,1,0.12246
2023-04-01,0,8,7,9,0,7,31,3,3,2,1.9183,0,2,0.11884
2023-03-16,0,2,5,8,7,3,25,3,3,0,2.585,0,4,0.11509
2023-03-01,4,1,7,6,5,2,25,3,3,0,2.585,0,4,0.11169
2023-02-16,5,9,0,4,1,7,26,4,2,0,2.585,0,1,0.10883
2023-02-01,2,9,7,4,1,1,24,4,2,1,2.2516,0,4,0.10561
2023-01-17,8,1,2,5,1,9,26,4,2,1,2.2516,1,2,0.10249
2022-12-30,1,5,7,1,9,6,29,5,1,1,2.2516,0,2,0.09886
2022-12-16,8,4,5,0,9,3,29,3,3,0,2.585,0,1,0.09614
2022-12-01,3,7,5,8,0,5,28,4,2,1,2.2516,0,2,0.09329
2022-11-16,1,2,1,7,8,9,28,4,2,1,2.2516,0,4,0.09054
2022-11-01,9,1,3,1,0,6,20,4,2,1,2.2516,0,3,0.08786
2022-10-16,6,1,3,1,0,6,17,3,3,2,1.9183,1,3,0.08509
2022-10-01,4,8,4,6,6,9,37,1,5,2,1.9183,0,3,0.08258
2022-09-16,9,4,3,7,0,3,26,4,2,1,2.2516,0,2,0.08014
2022-09-01,9,2,9,3,3,2,28,4,2,3,1.585,0,2,0.07777
2022-08-16,3,3,1,5,8,3,23,5,1,1,1.7925,1,3,0.07532
2022-08-01,4,3,6,5,9,4,31,3,3,1,2.2516,1,3,0.07309
2022-07-16,6,2,0,4,0,5,17,1,5,1,2.2516,0,1,0.07079
2022-07-01,9,8,1,4,1,7,30,4,2,1,2.2516,0,3,0.0687
2022-06-16,3,6,1,8,0,7,25,3,3,0,2.585,0,1,0.06667
2022-06-01,3,1,9,1,9,6,29,5,1,2,1.9183,0,2,0.0647
2022-05-16,1,5,5,0,1,2,14,4,2,2,1.9183,0,3,0.06266
2022-05-02,6,5,8,6,4,2,31,1,5,1,2.2516,0,5,0.06093
2022-04-16,3,9,5,9,1,9,36,6,0,1,1.7925,0,0,0.05901
2022-04-01,9,7,0,6,1,8,31,3,3,0,2.585,0,1,0.05727
2022-03-16,7,3,7,8,6,7,38,4,2,1,1.7925,1,3,0.05547
2022-03-01,0,6,1,9,0,5,21,3,3,1,2.2516,0,0,0.05383
2022-02-17,0,9,8,5,9,7,38,4,2,1,2.2516,1,3,0.05255
2022-02-01,9,4,4,3,0,8,28,2,4,1,2.2516,0,3,0.05089
2022-01-17,8,8,0,1,5,9,31,3,3,1,2.2516,0,2,0.04939
2021-12-30,8,1,9,0,6,8,32,2,4,1,2.2516,1,1,0.04764
2021-12-16,6,3,9,2,3,5,28,4,2,1,2.2516,1,3,0.04633
2021-12-01,0,7,7,2,5,8,29,3,3,1,2.2516,0,3,0.04496
2021-11-16,0,3,2,7,6,1,19,3,3,0,2.585,0,3,0.04363
2021-11-01,0,4,5,0,3,7,19,3,3,1,2.2516,0,2,0.04234
2021-10-16,3,8,6,3,7,2,29,3,3,1,2.2516,0,2,0.04101
2021-10-01,5,7,8,1,7,1,29,5,1,2,1.9183,1,2,0.0398
2021-09-16,0,7,0,9,3,5,24,4,2,1,2.2516,0,1,0.03862
2021-09-01,1,1,4,4,7,5,22,4,2,2,1.9183,1,5,0.03748
2021-08-16,0,4,6,7,5,0,22,2,4,1,2.2516,1,3,0.0363
2021-08-01,9,1,0,2,6,1,19,3,3,1,2.2516,0,2,0.03522
2021-07-16,5,5,6,7,2,5,30,4,2,1,1.7925,1,4,0.03412
2021-07-01,7,1,3,5,1,7,24,6,0,2,1.9183,2,2,0.03311
2021-06-16,6,9,1,8,6,1,31,3,3,2,1.9183,0,2,0.03213
2021-06-01,2,9,2,9,7,2,31,3,3,2,1.4591,1,1,0.03118
2021-05-16,6,8,4,5,7,9,39,3,3,0,2.585,0,4,0.0302
2021-05-02,5,0,1,2,7,2,17,3,3,1,2.2516,0,2,0.02936
2021-04-16,1,0,0,7,8,7,23,3,3,2,1.9183,0,4,0.02844
2021-04-01,4,7,2,2,7,0,22,2,4,2,1.9183,2,2,0.0276
2021-03-16,8,9,0,4,2,2,25,1,5,1,2.2516,0,3,0.02673
2021-03-01,8,3,5,5,3,8,32,4,2,3,1.585,3,3,0.02594
2021-02-16,4,2,4,6,0,3,19,1,5,1,2.2516,0,4,0.02527
2021-02-01,9,1,2,3,0,7,22,4,2,0,2.585,0,3,0.02453
2021-01-17,3,8,4,3,9,5,32,4,2,1,2.2516,0,1,0.0238
2020-12-30,8,0,3,6,2,8,27,1,5,1,2.2516,1,2,0.02296
2020-12-16,2,0,1,3,0,3,9,3,3,2,1.9183,1,5,0.02233
2020-12-01,1,0,0,9,9,4,23,3,3,2,1.9183,0,3,0.02167
2020-11-16,9,7,2,6,6,1,31,3,3,1,2.2516,0,2,0.02103
2020-11-01,5,0,6,4,0,4,19,1,5,2,1.9183,1,1,0.0204
2020-10-16,2,8,6,0,5,1,22,2,4,0,2.585,0,1,0.01976
2020-10-01,8,3,7,8,9,3,38,4,2,2,1.9183,0,2,0.01918
2020-09-16,2,4,4,0,8,3,21,1,5,1,2.2516,0,2,0.01861
2020-09-01,9,9,9,9,9,7,52,6,0,1,0.65,2,5,0.01806
2020-08-16,9,4,5,8,1,1,28,4,2,1,2.2516,0,3,0.01749
2020-08-01,5,6,9,3,9,1,33,5,1,1,2.2516,0,2,0.01698
2020-07-16,8,7,3,2,8,6,34,2,4,1,2.2516,0,3,0.01644
2020-07-01,3,4,7,2,5,8,29,3,3,0,2.585,0,4,0.01595
2020-06-16,5,1,6,9,6,7,34,4,2,1,2.2516,0,3,0.01548
2020-06-01,8,3,1,5,6,7,30,4,2,0,2.585,0,3,0.01503
2020-05-16,0,5,1,0,9,5,20,4,2,2,1.9183,0,1,0.01455
2020-03-16,5,0,3,4,4,6,22,2,4,1,2.2516,0,4,0.01288
2020-03-01,8,7,5,9,3,8,40,4,2,1,2.2516,1,2,0.0125
2020-02-16,7,8,1,4,0,3,23,3,3,0,2.585,0,3,0.01216
2020-02-01,5,8,9,2,2,7,33,3,3,1,2.2516,0,3,0.0118
2020-01-17,4,9,1,7,7,4,32,4,2,2,1.9183,1,2,0.01145
2019-12-30,5,1,0,5,4,1,16,4,2,2,1.9183,0,3,0.01104
2019-12-16,5,2,9,9,2,4,31,3,3,2,1.9183,2,3,0.01074
2019-12-01,4,5,3,5,2,2,21,3,3,2,1.9183,0,5,0.01042
2019-11-16,0,1,7,2,2,3,15,3,3,1,2.2516,0,3,0.01011
2019-11-01,9,6,7,3,7,5,37,5,1,1,2.2516,0,3,0.00981
2019-10-16,8,1,2,5,6,4,26,2,4,0,2.585,0,4,0.0095
2019-10-01,6,9,1,1,9,7,33,5,1,2,1.9183,2,3,0.00922
2019-09-16,3,4,0,3,8,8,26,2,4,2,1.9183,0,3,0.00895
2019-09-01,7,9,8,7,8,7,46,4,2,2,1.4591,1,5,0.00869
2019-08-16,7,7,5,4,7,6,36,4,2,1,1.7925,1,5,0.00841
2019-08-01,3,8,7,0,0,6,24,2,4,1,2.2516,0,2,0.00816
2019-07-15,3,6,9,7,6,5,36,4,2,1,2.2516,1,5,0.00789
2019-07-01,9,4,3,6,4,7,33,3,3,1,2.2516,1,4,0.00767
2019-06-16,1,7,4,0,5,5,22,4,2,1,2.2516,0,2,0.00745
2019-06-01,5,1,6,4,6,1,23,3,3,2,1.9183,0,2,0.00723
2019-05-16,9,6,2,5,2,6,30,2,4,2,1.9183,0,3,0.007
2019-05-02,0,6,1,3,2,4,16,2,4,0,2.585,0,3,0.00681
2019-04-16,5,7,0,3,3,1,19,5,1,1,2.2516,0,4,0.00659
2019-04-01,1,0,9,7,6,7,30,4,2,1,2.2516,0,4,0.0064
2019-03-16,7,2,4,6,2,8,29,1,5,1,2.2516,1,2,0.0062
2019-03-01,3,4,5,6,5,0,23,3,3,1,2.2516,0,4,0.00601
2019-02-16,0,7,4,8,2,4,25,1,5,1,2.2516,0,2,0.00586
2019-02-01,9,6,7,1,3,4,30,4,2,0,2.585,0,4,0.00568
2019-01-17,1,9,7,0,7,9,33,5,1,2,1.9183,0,2,0.00552
2018-12-30,7,3,5,8,6,7,36,4,2,1,2.2516,1,4,0.00532
2018-12-16,3,5,6,5,6,4,29,3,3,2,1.9183,0,5,0.00517
2018-12-01,0,2,1,8,4,0,15,1,5,1,2.2516,1,2,0.00502
2018-11-16,9,8,9,9,0,3,38,4,2,1,1.7925,1,4,0.00487
2018-11-01,1,4,9,8,4,0,26,2,4,1,2.2516,1,2,0.00473
2018-10-16,2,0,0,5,1,5,13,3,3,2,1.9183,0,2,0.00458
2018-10-01,4,5,2,6,4,3,24,2,4,1,2.2516,0,4,0.00444
2018-09-16,1,4,9,7,6,0,27,3,3,0,2.585,0,3,0.00431
2018-09-01,7,3,4,5,1,0,20,4,2,0,2.585,0,3,0.00419
2018-08-16,5,8,6,1,1,7,28,4,2,1,2.2516,0,3,0.00405
2018-08-01,3,8,6,6,0,2,25,1,5,1,2.2516,1,3,0.00393
2018-07-16,5,9,6,3,2,4,29,3,3,0,2.585,0,4,0.00381
2018-07-01,9,6,3,6,2,3,29,3,3,2,1.9183,0,4,0.0037
2018-06-16,2,2,3,1,3,1,12,4,2,3,1.585,0,5,0.00359
2018-06-01,9,8,8,1,1,7,34,4,2,2,1.9183,0,3,0.00348
2018-05-16,0,7,5,6,2,9,29,3,3,0,2.585,0,2,0.00337
2018-05-02,2,4,8,0,3,8,25,1,5,1,2.2516,0,2,0.00328
2018-04-16,7,3,9,2,2,9,32,4,2,2,1.9183,0,1,0.00318
2018-04-01,4,1,2,0,7,3,17,3,3,0,2.585,0,3,0.00308
2018-03-16,2,1,8,5,5,9,30,4,2,1,2.2516,0,3,0.00299
2018-03-02,7,5,9,4,1,5,31,5,1,1,2.2516,0,2,0.0029
2018-02-16,3,0,9,9,1,5,27,5,1,1,2.2516,1,2,0.00282
2018-02-01,0,2,6,8,5,3,24,2,4,0,2.585,0,4,0.00274
2018-01-17,2,0,3,8,2,3,18,2,4,2,1.9183,0,3,0.00266
2017-12-30,9,1,1,2,3,4,20,4,2,1,2.2516,0,4,0.00256
2017-12-16,9,5,5,5,9,6,39,5,1,2,1.4591,1,3,0.00249
2017-12-01,4,5,1,0,0,5,15,3,3,2,1.9183,0,3,0.00242
2017-11-16,2,9,2,3,9,1,26,4,2,2,1.9183,1,1,0.00235
2017-11-01,5,3,3,7,2,6,26,4,2,1,2.2516,0,2,0.00228
2017-10-16,4,1,3,4,9,4,25,3,3,1,1.7925,1,3,0.00221
2017-10-01,8,8,0,7,1,4,28,2,4,1,2.2516,0,2,0.00214
2017-09-16,1,7,0,1,4,3,16,4,2,1,2.2516,0,3,0.00208
2017-09-01,1,4,3,2,2,4,16,2,4,2,1.9183,0,5,0.00202
2017-08-16,7,1,5,4,3,1,21,5,1,1,2.2516,0,3,0.00195
2017-08-01,7,5,6,5,1,9,33,5,1,1,2.2516,0,3,0.0019
2017-07-16,8,2,0,3,2,7,22,2,4,1,2.2516,1,3,0.00184
2017-07-01,1,1,2,3,6,0,13,3,3,1,2.2516,0,4,0.00178
2017-06-16,9,4,3,1,4,2,23,3,3,1,2.2516,1,4,0.00173
2017-06-01,0,5,3,6,3,0,17,3,3,2,1.9183,1,4,0.00168
2017-05-16,4,5,4,8,9,1,31,3,3,1,2.2516,0,3,0.00163
2017-05-02,0,0,8,6,5,6,25,1,5,2,1.9183,0,4,0.00158
2017-04-16,8,1,6,7,2,9,33,3,3,0,2.585,0,1,0.00153
2017-04-01,3,9,2,7,8,5,34,4,2,0,2.585,0,2,0.00149
2017-03-16,2,7,3,8,6,3,29,3,3,1,2.2516,0,2,0.00144
2017-03-01,9,7,8,4,5,3,36,4,2,0,2.585,0,4,0.0014
2017-02-16,2,2,9,1,1,6,21,3,3,2,1.9183,0,2,0.00136
2017-02-01,0,5,4,6,7,2,24,2,4,0,2.585,0,3,0.00132
2017-01-17,1,4,5,1,5,7,23,5,1,2,1.9183,0,3,0.00128
2016-12-30,3,7,7,7,1,2,27,5,1,1,1.7925,1,3,0.00124
2016-12-16,4,3,5,2,8,6,28,2,4,0,2.585,0,4,0.0012
2016-12-01,0,8,6,0,6,9,29,1,5,2,1.9183,0,2,0.00117
2016-11-16,8,5,8,3,8,3,35,3,3,2,1.4591,0,2,0.00113
2016-11-01,7,8,5,4,3,8,35,3,3,1,2.2516,0,4,0.0011
2016-10-16,5,7,1,9,4,7,33,5,1,1,2.2516,0,2,0.00106
2016-10-01,8,8,7,1,0,2,26,2,4,1,2.2516,0,4,0.00103
2016-09-16,2,4,0,6,5,0,17,1,5,1,2.2516,0,2,0.001
2016-09-01,6,3,8,6,8,4,35,1,5,2,1.9183,0,3,0.00097
2016-08-16,2,5,4,0,0,4,15,1,5,2,1.9183,0,3,0.00094
2016-08-01,2,7,2,9,3,2,25,3,3,1,1.7925,1,1,0.00091
2016-07-16,4,4,9,7,6,4,34,2,4,1,1.7925,1,4,0.00088
2016-07-01,0,8,2,4,6,0,20,0,6,1,2.2516,1,2,0.00086
2016-06-16,0,7,3,8,1,6,25,3,3,0,2.585,0,0,0.00083
2016-06-01,5,1,1,8,2,5,22,4,2,2,1.9183,1,2,0.00081
2016-05-16,1,4,1,7,3,7,23,5,1,2,1.9183,0,2,0.00078
2016-05-02,3,9,9,4,5,9,39,5,1,1,1.7925,0,2,0.00076
2016-04-16,2,2,1,6,0,9,20,2,4,1,2.2516,0,2,0.00074
2016-04-01,0,6,6,7,2,0,21,1,5,2,1.9183,1,3,0.00072
2016-03-16,1,3,4,9,1,8,26,4,2,1,2.2516,0,2,0.00069
2016-03-01,4,3,9,6,8,6,36,2,4,1,2.2516,0,4,0.00067
2016-02-16,3,5,6,3,6,4,27,3,3,2,1.9183,0,5,0.00065
2016-02-01,9,2,7,8,0,0,26,2,4,1,2.2516,0,2,0.00063
2016-01-17,3,0,4,3,7,1,18,4,2,1,2.2516,0,2,0.00062
2015-12-30,0,0,8,2,1,7,18,2,4,1,2.2516,0,2,0.00059
2015-12-17,9,3,0,2,5,5,24,4,2,1,2.2516,0,4,0.00058
2015-12-01,9,1,5,3,5,0,23,5,1,1,2.2516,0,2,0.00056
2015-11-16,7,9,5,2,8,3,34,4,2,0,2.585,0,2,0.00054
2015-11-01,3,6,1,2,1,1,14,4,2,1,1.7925,0,4,0.00053
2015-10-16,9,6,8,6,3,0,32,2,4,1,2.2516,0,5,0.00051
2015-10-01,5,9,4,8,2,5,33,3,3,1,2.2516,1,1,0.0005
2015-09-16,7,4,3,1,4,8,27,3,3,1,2.2516,1,4,0.00048
2015-09-01,0,2,1,0,9,4,16,2,4,1,2.2516,0,3,0.00047
2015-08-16,0,3,3,3,6,3,18,4,2,1,1.2516,1,5,0.00045
2015-08-01,5,1,8,6,7,7,34,4,2,1,2.2516,0,3,0.00044
2015-07-16,1,2,1,5,0,7,16,4,2,1,2.2516,0,2,0.00043
2015-07-01,7,5,9,0,4,9,34,4,2,1,2.2516,0,1,0.00041
2015-06-16,6,4,4,7,4,2,27,1,5,1,1.7925,1,5,0.0004
2015-06-02,3,8,8,8,1,1,29,3,3,2,1.4591,1,3,0.00039
2015-05-16,0,1,1,4,2,1,9,3,3,1,1.7925,0,5,0.00038
2015-05-02,5,4,3,4,6,6,28,2,4,2,1.9183,0,5,0.00037
2015-04-16,5,0,6,2,6,0,19,1,5,2,1.9183,0,0,0.00035
2015-04-01,5,7,0,4,4,4,24,2,4,1,1.7925,0,3,0.00034
2015-03-16,0,4,8,1,5,1,19,3,3,1,2.2516,0,0,0.00033
2015-03-01,2,4,0,2,3,7,18,2,4,1,2.2516,0,3,0.00032
2015-02-16,0,0,1,8,6,4,19,1,5,1,2.2516,0,4,0.00032
2015-02-01,1,5,5,5,3,7,26,6,0,1,1.7925,1,3,0.00031
2015-01-16,2,4,4,3,5,1,19,3,3,1,2.2516,0,4,0.0003
2014-12-30,4,6,1,7,0,4,22,2,4,1,2.2516,1,1,0.00029
2014-12-16,9,4,8,3,5,4,33,3,3,1,2.2516,0,2,0.00028
2014-12-01,4,8,0,4,4,9,29,1,5,1,1.7925,0,1,0.00027
2014-11-16,4,7,9,8,0,4,32,2,4,1,2.2516,1,3,0.00026
2014-11-01,2,0,6,6,0,8,22,0,6,2,1.9183,2,2,0.00025
2014-10-16,6,5,6,4,0,9,30,2,4,1,2.2516,0,3,0.00025
2014-10-01,3,7,5,6,1,5,27,5,1,1,2.2516,0,2,0.00024
2014-09-16,7,7,2,2,6,9,33,3,3,2,1.9183,1,3,0.00023
2014-09-01,8,5,6,7,6,3,35,3,3,1,2.2516,0,5,0.00023
2014-08-16,6,6,2,8,4,2,28,0,6,2,1.9183,0,2,0.00022
2014-08-01,7,6,6,3,9,1,32,4,2,1,2.2516,0,3,0.00021
2014-07-16,4,6,8,7,2,8,35,1,5,1,2.2516,0,3,0.00021
2014-07-01,3,7,8,4,7,7,36,4,2,1,1.7925,1,3,0.0002
2014-06-16,6,7,3,9,2,0,27,3,3,0,2.585,0,2,0.00019
2014-06-01,7,8,1,1,9,8,34,4,2,2,1.9183,1,3,0.00019
2014-05-16,0,8,7,5,2,3,25,3,3,0,2.585,0,4,0.00018
2014-05-02,1,0,3,2,9,7,22,4,2,0,2.585,0,4,0.00018
2014-04-16,1,5,3,4,0,6,19,3,3,0,2.585,0,2,0.00017
2014-04-01,0,2,8,8,6,6,30,0,6,2,1.9183,1,4,0.00017
2014-03-16,5,3,1,4,0,4,17,3,3,1,2.2516,0,3,0.00016
2014-03-01,9,0,6,3,1,8,27,3,3,0,2.585,0,2,0.00016
2014-02-16,3,8,4,2,4,5,26,2,4,1,2.2516,0,3,0.00015
2014-02-01,1,8,0,1,4,9,23,3,3,1,2.2516,0,2,0.00015
2014-01-16,3,0,6,9,0,2,20,2,4,1,2.2516,1,3,0.00014
2013-12-30,5,6,1,0,7,2,21,3,3,0,2.585,0,2,0.00014
2013-12-16,3,4,1,7,6,7,28,4,2,1,2.2516,0,4,0.00013
2013-12-01,1,6,8,7,9,5,36,4,2,0,2.585,0,3,0.00013
2013-11-16,8,0,6,9,2,5,30,2,4,0,2.585,0,2,0.00013
2013-11-01,7,3,9,8,0,4,31,3,3,0,2.585,0,1,0.00012
2013-10-16,9,6,3,2,8,9,37,3,3,1,2.2516,1,4,0.00012
2013-10-01,6,4,7,8,8,2,35,1,5,1,2.2516,0,4,0.00012
2013-09-16,5,6,2,6,8,4,31,1,5,1,2.2516,0,2,0.00011
2013-09-01,5,4,8,1,2,3,23,3,3,0,2.585,0,3,0.00011
2013-08-16,3,2,1,3,2,7,18,4,2,2,1.9183,1,4,0.00011
2013-08-01,3,5,6,4,3,5,26,4,2,2,1.9183,0,5,0.0001
2013-07-16,5,6,6,9,9,6,41,3,3,2,1.4591,0,5,0.0001
2013-07-01,6,4,6,9,0,5,30,2,4,1,2.2516,0,3,0.0001
2013-06-16,2,8,9,6,7,3,35,3,3,0,2.585,0,3,9e-05
2013-06-01,9,3,5,4,8,9,38,4,2,1,2.2516,1,3,9e-05
2013-05-16,6,8,7,1,2,5,29,3,3,0,2.585,0,4,9e-05
2013-05-02,6,0,3,4,5,8,26,2,4,0,2.585,0,4,9e-05
2013-04-16,8,4,3,8,4,6,33,1,5,2,1.9183,1,2,8e-05
2013-04-01,5,7,1,6,8,8,35,3,3,1,2.2516,0,3,8e-05
2013-03-16,9,6,8,4,3,3,33,3,3,1,2.2516,0,4,8e-05
2013-03-01,9,7,6,2,4,1,29,3,3,0,2.585,0,4,8e-05
2013-02-16,3,6,8,2,5,7,31,3,3,0,2.585,0,4,7e-05
2013-02-01,5,6,5,5,6,6,33,3,3,2,1.0,2,5,7e-05
2013-01-16,8,2,0,9,8,1,28,2,4,1,2.2516,0,2,7e-05
2012-12-30,3,0,2,3,5,8,21,3,3,1,2.2516,0,5,7e-05
2012-12-16,5,2,9,5,2,4,27,3,3,2,1.9183,1,3,6e-05
2012-12-01,1,1,0,4,4,3,13,3,3,2,1.9183,0,4,6e-05
2012-11-16,6,3,9,5,0,0,23,3,3,1,2.2516,0,2,6e-05
2012-11-01,5,2,4,6,9,4,30,2,4,1,2.2516,0,4,6e-05
2012-10-16,2,8,1,3,4,3,21,3,3,1,2.2516,0,3,6e-05
2012-10-01,1,2,4,0,2,5,14,2,4,1,2.2516,1,4,6e-05
2012-09-16,5,4,0,1,4,3,17,3,3,1,2.2516,1,4,5e-05
2012-09-01,3,2,9,9,9,7,39,5,1,1,1.7925,1,4,5e-05
2012-08-16,6,8,3,8,7,7,39,3,3,2,1.9183,0,3,5e-05
2012-08-01,8,9,5,5,9,0,36,4,2,2,1.9183,2,2,5e-05
2012-07-16,9,0,4,0,5,0,18,2,4,1,1.7925,0,0,5e-05
2012-07-01,9,1,5,9,0,0,24,4,2,2,1.9183,0,1,5e-05
2012-06-16,1,5,9,3,7,3,28,6,0,1,2.2516,0,0,4e-05
2012-06-01,8,8,2,7,2,7,34,2,4,3,1.585,0,1,4e-05
2012-05-16,8,1,4,4,1,8,26,2,4,3,1.585,3,3,4e-05
2012-05-02,8,8,9,5,0,1,31,3,3,1,2.2516,0,3,4e-05
2012-04-16,5,8,3,4,7,0,27,3,3,0,2.585,0,3,4e-05
2012-04-01,2,5,7,5,6,2,27,3,3,2,1.9183,1,4,4e-05
2012-03-16,6,0,7,0,6,4,23,1,5,2,1.9183,0,1,4e-05
2012-03-01,2,2,2,5,1,8,20,2,4,1,1.7925,0,3,4e-05
2012-02-16,6,4,8,6,8,4,36,0,6,3,1.585,0,3,4e-05
2012-02-01,3,2,0,6,0,5,16,2,4,1,2.2516,0,2,3e-05
2012-01-16,4,5,1,4,4,5,23,3,3,2,1.4591,0,4,3e-05
2011-12-30,5,2,6,4,0,2,19,1,5,1,2.2516,0,3,3e-05
2011-12-16,8,8,4,1,7,8,36,2,4,1,1.7925,1,3,3e-05
2011-12-01,4,0,8,1,4,7,24,2,4,1,2.2516,0,2,3e-05
2011-11-16,9,9,7,7,7,7,46,6,0,2,0.9183,1,5,3e-05
2011-11-01,8,0,5,5,4,0,22,2,4,2,1.9183,1,2,3e-05
2011-10-16,9,5,5,7,5,6,37,5,1,1,1.7925,1,4,3e-05
2011-10-01,5,1,1,0,5,2,14,4,2,2,1.9183,0,3,3e-05
2011-09-16,7,3,1,1,9,8,29,5,1,1,2.2516,1,3,3e-05
2011-09-01,7,2,4,5,3,3,24,4,2,1,2.2516,0,4,3e-05
2011-08-16,5,3,6,9,6,0,29,3,3,1,2.2516,0,4,2e-05
2011-08-01,2,1,8,7,5,6,29,3,3,0,2.585,0,4,2e-05
2011-07-16,1,1,6,5,5,6,24,4,2,3,1.585,0,4,2e-05
2011-07-01,6,2,2,9,5,3,27,3,3,1,2.2516,0,2,2e-05
2011-06-16,3,5,1,2,7,6,24,4,2,0,2.585,0,3,2e-05
2011-06-01,5,6,2,3,7,0,23,3,3,0,2.585,0,2,2e-05
2011-05-16,4,0,6,4,1,7,22,2,4,1,2.2516,0,2,2e-05
2011-05-02,0,5,4,1,3,6,19,3,3,0,2.585,0,4,2e-05
2011-04-16,8,2,5,9,8,8,40,2,4,1,1.7925,1,3,2e-05
2011-04-01,8,1,4,9,3,1,26,4,2,1,2.2516,0,2,2e-05
2011-03-16,5,9,3,3,3,1,24,6,0,1,1.7925,1,3,2e-05
2011-03-01,6,5,6,0,3,7,27,3,3,1,2.2516,0,3,2e-05
2011-02-16,4,8,1,7,4,6,30,2,4,1,2.2516,0,2,2e-05
2011-02-01,6,1,0,0,8,9,24,2,4,1,2.2516,1,3,2e-05
2011-01-16,2,8,1,0,6,2,19,1,5,1,2.2516,1,1,2e-05
2010-12-30,8,8,4,1,1,2,24,2,4,2,1.9183,0,4,2e-05
2010-12-16,3,3,4,3,8,0,21,3,3,1,1.7925,0,3,1e-05
2010-12-01,1,8,1,7,5,2,24,4,2,1,2.2516,0,2,1e-05
2010-11-16,8,1,3,9,9,3,33,5,1,2,1.9183,0,2,1e-05
2010-11-01,1,9,1,1,0,0,12,4,2,2,1.4591,1,3,1e-05
2010-10-16,6,2,1,3,7,7,26,4,2,1,2.2516,0,3,1e-05
2010-10-01,4,8,8,3,7,2,32,2,4,1,2.2516,0,1,1e-05
2010-09-16,0,1,7,4,2,2,16,2,4,1,2.2516,0,4,1e-05
2010-09-01,3,5,4,6,5,6,29,3,3,2,1.9183,1,5,1e-05
2010-08-16,9,1,1,0,9,7,27,5,1,2,1.9183,0,3,1e-05
2010-08-01,2,1,0,0,0,8,11,1,5,1,1.7925,1,4,1e-05
2010-07-16,1,8,0,3,8,7,27,3,3,1,2.2516,1,2,1e-05
2010-07-01,4,8,0,2,3,9,26,2,4,0,2.585,0,2,1e-05
2010-06-16,5,0,0,1,0,4,10,2,4,1,1.7925,1,3,1e-05
2010-06-01,4,4,4,8,7,4,31,1,5,1,1.2516,1,4,1e-05
2010-05-16,4,8,0,0,1,2,15,1,5,1,2.2516,1,3,1e-05
2010-05-02,3,6,0,3,7,1,20,4,2,1,2.2516,0,2,1e-05
2010-04-16,2,1,1,7,4,3,18,4,2,1,2.2516,0,4,1e-05
2010-04-01,9,5,9,5,1,7,36,6,0,2,1.9183,0,0,1e-05
2010-03-16,3,6,4,2,2,2,19,1,5,1,1.7925,0,5,1e-05
2010-03-01,2,1,5,2,2,7,19,3,3,1,1.7925,0,3,1e-05
2010-02-16,1,3,3,7,0,7,21,5,1,2,1.9183,0,2,1e-05
2010-02-01,1,8,6,3,1,2,21,3,3,1,2.2516,0,4,1e-05
2010-01-16,0,7,3,5,7,7,29,5,1,1,1.7925,1,3,1e-05
2009-12-30,9,9,4,3,0,4,29,3,3,2,1.9183,0,3,1e-05
2009-12-16,6,8,5,1,4,1,25,3,3,1,2.2516,0,4,1e-05
2009-12-01,7,7,6,9,8,0,37,3,3,1,2.2516,0,4,1e-05
2009-11-16,0,5,5,9,8,6,33,3,3,1,2.2516,0,3,1e-05
2009-11-01,6,8,9,1,4,0,28,2,4,0,2.585,0,3,1e-05
2009-10-16,2,5,8,4,8,7,34,2,4,1,2.2516,0,3,1e-05
2009-10-01,1,6,9,3,8,7,34,4,2,0,2.585,0,2,1e-05
2009-09-16,2,0,2,9,1,2,16,2,4,1,1.7925,1,3,1e-05
2009-09-01,0,1,5,8,6,5,25,3,3,1,2.2516,0,4,1e-05
2009-08-16,4,6,2,9,3,3,27,3,3,1,2.2516,0,2,1e-05
2009-08-01,1,5,4,9,8,6,33,3,3,0,2.585,0,3,1e-05
2009-07-16,0,0,0,8,1,6,15,1,5,1,1.7925,0,2,1e-05
2009-07-01,2,0,7,5,4,2,20,2,4,1,2.2516,1,4,1e-05
2009-06-16,9,3,0,4,5,6,27,3,3,0,2.585,0,3,1e-05
2009-06-01,7,7,7,6,6,1,34,4,2,2,1.4591,0,4,0.0
2009-05-16,1,1,1,4,1,1,9,5,1,1,0.65,2,5,0.0
2009-05-02,2,9,4,4,5,2,26,2,4,2,1.9183,2,3,0.0
2009-04-16,3,6,8,4,1,5,27,3,3,0,2.585,0,3,0.0
2009-04-01,8,1,6,5,7,8,35,3,3,1,2.2516,1,3,0.0
2009-03-16,2,6,8,8,1,2,27,1,5,2,1.9183,2,3,0.0
2009-03-01,5,5,3,0,9,1,23,5,1,1,2.2516,0,3,0.0
2009-02-16,0,3,8,7,3,0,21,3,3,2,1.9183,2,3,0.0
2009-02-01,5,3,4,5,3,3,23,5,1,2,1.4591,1,5,0.0
2009-01-16,7,4,3,2,1,2,19,3,3,1,2.2516,0,5,0.0
2008-12-30,2,1,8,5,9,6,31,3,3,0,2.585,0,3,0.0
2008-12-16,0,7,4,1,1,4,17,3,3,2,1.9183,0,4,0.0
2008-12-01,2,0,5,4,3,4,18,2,4,1,2.2516,0,4,0.0
2008-11-16,0,0,2,6,1,2,11,1,5,2,1.9183,0,3,0.0
2008-11-01,2,7,2,0,2,8,21,1,5,1,1.7925,0,2,0.0
2008-10-16,4,3,1,2,7,7,24,4,2,1,2.2516,0,4,0.0
2008-10-01,8,8,2,9,1,1,29,3,3,2,1.9183,0,2,0.0
2008-09-16,0,1,2,3,7,7,20,4,2,1,2.2516,0,4,0.0
2008-09-01,6,9,5,9,9,3,41,5,1,1,1.7925,1,2,0.0
2008-08-16,3,8,0,3,7,7,28,4,2,2,1.9183,0,2,0.0
2008-08-01,8,5,0,3,4,8,28,2,4,1,2.2516,1,3,0.0
2008-07-16,2,5,7,3,7,4,28,4,2,1,2.2516,0,3,0.0
2008-07-01,9,4,3,6,7,1,30,4,2,0,2.585,0,3,0.0
2008-06-16,7,2,9,1,1,1,21,5,1,1,1.7925,0,2,0.0
2008-06-01,4,1,4,8,7,5,29,3,3,1,2.2516,0,4,0.0
2008-05-16,3,2,9,2,3,1,20,4,2,2,1.9183,0,3,0.0
2008-05-02,4,5,3,0,1,1,14,4,2,1,2.2516,0,5,0.0
2008-04-16,9,8,2,8,0,0,27,1,5,2,1.9183,0,2,0.0
2008-04-01,0,1,2,6,5,3,17,3,3,0,2.585,0,4,0.0
2008-03-16,0,7,4,9,4,6,30,2,4,1,2.2516,0,2,0.0
2008-03-01,9,3,6,6,8,5,37,3,3,1,2.2516,1,4,0.0
2008-02-16,1,3,7,0,5,4,20,4,2,0,2.585,0,2,0.0
2008-02-01,2,1,2,6,8,4,23,1,5,1,2.2516,0,3,0.0
2008-01-16,5,5,6,0,1,0,17,3,3,2,1.9183,0,4,0.0
2007-12-30,5,9,5,4,1,1,25,5,1,2,1.9183,0,3,0.0
2007-12-16,5,1,3,5,0,1,15,5,1,2,1.9183,0,3,0.0
2007-12-01,1,1,3,4,1,0,10,4,2,1,1.7925,1,5,0.0
2007-11-16,5,6,2,4,8,1,26,2,4,0,2.585,0,2,0.0
2007-11-01,9,2,7,9,0,7,34,4,2,2,1.9183,0,1,0.0
2007-10-16,0,3,2,9,8,8,30,2,4,1,2.2516,0,4,0.0
2007-10-01,4,3,0,6,6,7,26,2,4,1,2.2516,0,4,0.0
2007-09-16,4,9,9,3,3,6,34,4,2,2,1.9183,0,3,0.0
2007-09-01,3,3,1,8,1,0,16,4,2,2,1.9183,0,3,0.0
2007-08-16,4,7,6,2,0,7,26,2,4,1,2.2516,0,3,0.0
2007-08-01,4,2,9,9,2,4,30,2,4,3,1.585,3,3,0.0
2007-07-16,5,2,7,3,8,4,29,3,3,0,2.585,0,1,0.0
2007-07-01,5,6,5,1,5,1,23,5,1,2,1.4591,0,2,0.0
2007-06-16,3,9,3,1,9,4,29,5,1,2,1.9183,1,1,0.0
2007-06-01,8,3,6,3,9,3,32,4,2,1,1.7925,0,2,0.0
2007-05-16,2,3,2,8,9,7,31,3,3,1,2.2516,0,4,0.0
2007-05-02,4,3,0,3,7,4,21,3,3,2,1.9183,1,4,0.0
2007-04-16,4,0,5,1,0,5,15,3,3,2,1.9183,1,1,0.0
2007-04-01,6,2,2,7,8,0,25,1,5,1,2.2516,0,2,0.0
2007-03-16,8,7,6,7,6,3,37,3,3,2,1.9183,0,5,0.0
2007-03-01,7,4,2,4,2,5,24,2,4,2,1.9183,0,5,0.0
2007-02-16,2,7,7,8,5,9,38,4,2,1,2.2516,0,3,0.0
2007-02-01,7,6,9,9,2,5,38,4,2,1,2.2516,1,4,0.0
2007-01-16,8,3,8,7,3,9,38,4,2,2,1.9183,1,1,0.0
2006-12-30,7,7,8,5,8,4,39,3,3,2,1.9183,0,4,0.0
